PF;train;test;dev;total
PF10256;121;1;1;123
PF00749;6;4;4;14
PF15239;34;4;4;42
PF08449;10;4;3;17
PF03575;15;4;3;22
PF02080;122;4;2;128
PF00733;51;4;4;59
PF04276;9;4;3;16
PF00118;49;4;4;57
PF08317;3;4;3;10
PF14076;122;4;4;130
PF15283;14;4;3;21
PF00762;147;4;3;154
PF11700;28;4;3;35
PF05719;118;4;4;126
PF14112;10;4;3;17
PF02538;235;4;7;246
PF04888;14;4;4;22
PF00793;10;4;4;18
PF11727;10;4;4;18
PF04912;46;4;3;53
PF09852;14;4;4;22
PF03480;25;4;4;33
PF09815;131;4;3;138
PF10442;288;4;1;293
PF09451;87;4;3;94
PF17200;20;4;3;27
PF00363;9;4;3;16
PF05708;10;4;3;17
PF09765;22;4;1;27
PF01230;18;4;3;25
PF02525;170;4;3;177
PF00350;41;4;9;54
PF06472;17;4;3;24
PF05721;17;4;5;26
PF07842;18;4;3;25
PF09749;102;4;4;110
PF06703;165;4;3;172
PF03081;260;5;4;269
PF06889;54;5;6;65
PF00529;12;5;6;23
PF12787;76;5;4;85
PF00557;413;5;5;423
PF09586;31;5;4;40
PF08695;28;5;5;38
PF02311;31;5;8;44
PF09548;203;5;4;212
PF15361;22;5;5;32
PF03610;16;5;5;26
PF10510;94;5;4;103
PF08167;81;5;4;90
PF02359;85;5;7;97
PF08205;13;5;3;21
PF14351;21;5;3;29
PF12889;17;5;4;26
PF12900;89;5;4;98
PF00443;25;4;1;30
PF01366;5;4;3;12
PF15428;26;4;3;33
PF13522;32;4;4;40
PF15463;60;4;4;68
PF06621;11;4;2;17
PF10523;32;4;8;44
PF09700;12;4;3;19
PF01297;961;4;3;968
PF02408;16;4;4;24
PF11659;56;4;4;64
PF01273;26;4;2;32
PF09676;18;4;3;25
PF09565;10;4;3;17
PF10236;17;4;4;25
PF09731;10;4;4;18
PF10521;56;5;5;66
PF04385;27;4;6;37
PF13681;50;4;4;58
PF05117;21;4;3;28
PF00635;43;4;4;51
PF08570;85;4;4;93
PF08580;1;4;3;8
PF05076;132;4;3;139
PF07396;14;4;4;22
PF01490;15;4;4;23
PF07586;96;4;4;104
PF03328;11;4;4;19
PF05954;72;4;4;80
PF05940;208;4;3;215
PF08852;15;4;4;23
PF10300;11;4;4;19
PF01869;10;4;4;18
PF08568;16;4;5;25
PF14028;18;4;2;24
PF04790;54;4;3;61
PF14397;13;4;4;21
PF07201;7;4;1;12
PF05478;18;4;5;27
PF13970;13;4;4;21
PF03938;545;4;3;552
PF01758;9;4;3;16
PF12832;13;4;3;20
PF07273;47;4;3;54
PF00501;96;4;2;102
PF02854;8;4;2;14
PF10110;15;4;4;23
PF14827;14;4;3;21
PF01797;96;4;3;103
PF14849;163;4;6;173
PF13349;13;4;4;21
PF14394;51;4;3;58
PF01435;12;4;4;20
PF12229;35;4;2;41
PF01443;14;4;3;21
PF17874;11;4;4;19
PF03767;17;4;3;24
PF01390;139;4;6;149
PF14175;13;4;3;20
PF14184;8;4;3;15
PF08530;12;4;0;16
PF02636;69;4;4;77
PF13675;78;4;3;85
PF14885;11;4;3;18
PF09361;231;4;3;238
PF00860;13;4;3;20
PF03783;10;4;3;17
PF03419;132;4;4;140
PF09913;11;4;3;18
PF14900;76;4;3;83
PF10408;50;4;2;56
PF00888;385;4;0;389
PF12351;17;4;5;26
PF10345;12;4;2;18
PF00669;16;4;3;23
PF11849;84;4;3;91
PF00700;13;4;3;20
PF08878;24;4;3;31
PF06772;103;4;3;110
PF06775;120;4;2;126
PF15615;12;4;4;20
PF03353;12;4;4;20
PF10037;14;4;3;21
PF01881;125;4;4;133
PF11751;56;4;6;66
PF11932;65;4;3;72
PF01103;31;4;1;36
PF02720;12;4;4;20
PF07693;7;4;3;14
PF05107;126;4;4;134
PF03961;74;4;6;84
PF09648;17;5;5;27
PF05751;58;5;5;68
PF03226;38;5;4;47
PF13385;41;5;7;53
PF07007;218;5;4;227
PF10214;30;5;7;42
PF01594;19;5;5;29
PF14390;29;5;5;39
PF13911;39;5;4;48
PF10186;18;5;5;28
PF01026;72;5;4;81
PF00564;30;5;6;41
PF09496;51;6;5;62
PF15440;19;6;6;31
PF15575;31;6;9;46
PF02472;34;6;5;45
PF11368;18;5;5;28
PF02952;16;5;5;26
PF00928;26;5;5;36
PF16126;29;5;4;38
PF13786;114;5;5;124
PF06227;12;5;1;18
PF14011;124;5;4;133
PF14778;48;5;4;57
PF05460;14;5;4;23
PF01740;39;5;3;47
PF07179;152;5;4;161
PF06037;22;5;5;32
PF00913;21;5;4;30
PF16128;12;5;5;22
PF04143;76;5;5;86
PF03999;14;5;4;23
PF04015;449;5;5;459
PF02984;109;5;12;126
PF06152;15;5;4;24
PF03069;64;6;6;76
PF14594;29;5;4;38
PF13365;159;6;5;170
PF18862;20;6;5;31
PF03170;47;6;5;58
PF13814;21;6;6;33
PF14616;17;6;7;30
PF02996;23;6;5;34
PF03029;18;6;5;29
PF06046;22;6;6;34
PF13023;70;6;6;82
PF01663;35;6;10;51
PF00566;56;6;4;66
PF13483;44;6;6;56
PF00067;26;6;7;39
PF01637;18;6;5;29
PF06199;19;6;5;30
PF00291;108;6;3;117
PF00921;28;6;6;40
PF01603;110;6;6;122
PF04437;50;6;6;62
PF08612;16;6;4;26
PF11351;15;6;6;27
PF14350;23;6;6;35
PF08700;23;6;7;36
PF08680;20;6;5;31
PF00248;22;6;5;33
PF16322;19;6;4;29
PF14334;91;6;6;103
PF13469;173;6;5;184
PF13463;19;6;5;30
PF04103;30;6;5;41
PF10175;43;6;6;55
PF16489;8;6;9;23
PF00227;146;6;5;157
PF13905;39;6;7;52
PF08641;23;6;5;34
PF00031;19;6;2;27
PF01323;11;5;4;20
PF01497;16;5;4;25
PF11153;15;5;4;24
PF00857;39;5;5;49
PF09829;57;5;4;66
PF06439;148;5;6;159
PF03734;124;5;7;136
PF07804;380;5;4;389
PF03517;30;5;4;39
PF00856;182;5;5;192
PF18483;26;5;7;38
PF07793;46;5;2;53
PF17643;16;5;4;25
PF03747;753;5;3;761
PF12224;15;5;4;24
PF04973;355;5;5;365
PF05841;13;5;4;22
PF13206;51;5;9;65
PF14523;131;5;4;140
PF14953;15;5;5;25
PF07893;17;5;5;27
PF02378;22;5;6;33
PF00437;12;5;4;21
PF17306;11;5;5;21
PF13529;28;5;5;38
PF09753;28;5;5;38
PF13503;87;5;5;97
PF02169;16;5;4;25
PF00723;4;5;2;11
PF04266;46;5;8;59
PF07944;10;5;4;19
PF15019;12;5;5;22
PF14136;18;5;4;27
PF09459;15;5;4;24
PF02574;455;5;4;464
PF07814;34;5;5;44
PF09992;130;5;2;137
PF14027;206;5;4;215
PF13495;30;5;4;39
PF07694;56;5;5;66
PF05099;71;5;5;81
PF15892;42;5;5;52
PF08795;7;5;4;16
PF10318;165;5;4;174
PF10320;13;5;5;23
PF13596;12;5;7;24
PF01425;24;5;4;33
PF05975;55;5;5;65
PF14281;17;5;4;26
PF13580;28;5;5;38
PF01051;29;5;8;42
PF17939;200;5;4;209
PF03874;43;5;5;53
PF11824;9;5;3;17
PF13621;39;5;5;49
PF01872;13;5;4;22
PF00688;60;5;6;71
PF11457;57;5;4;66
PF07744;14;5;5;24
PF14214;19;5;6;30
PF09302;76;5;5;86
PF04801;44;5;5;54
PF11495;16;5;1;22
PF00155;27;5;5;37
PF05932;15;5;4;24
PF01935;27;5;7;39
PF07728;11;5;1;17
PF09184;19;5;5;29
PF00328;28;5;0;33
PF03357;22;5;5;32
PF00892;47;5;5;57
PF11854;19;5;5;29
PF12864;53;5;4;62
PF18724;18;5;4;27
PF13347;14;4;4;22
PF16013;25;4;2;31
PF05238;15;4;5;24
PF02674;122;3;2;127
PF03351;54;3;2;59
PF02613;117;3;2;122
PF12430;69;3;2;74
PF10651;15;3;4;22
PF11559;13;3;2;18
PF05833;75;3;3;81
PF14223;54;3;2;59
PF03417;11;3;3;17
PF00876;212;3;3;218
PF09420;112;3;4;119
PF10671;34;3;3;40
PF08507;16;3;3;22
PF14173;8;3;2;13
PF18135;11;3;6;20
PF14269;16;3;2;21
PF10895;8;3;2;13
PF10912;20;3;3;26
PF11019;7;3;2;12
PF15644;10;3;2;15
PF05008;70;3;3;76
PF00932;115;3;3;121
PF09296;34;3;1;38
PF00924;26;3;3;32
PF00963;6;3;3;12
PF01136;89;3;2;94
PF10765;8;3;2;13
PF10935;9;3;3;15
PF02714;59;3;2;64
PF14322;13;3;3;19
PF03259;33;3;2;38
PF00107;79;3;3;85
PF02663;166;3;4;173
PF03466;310;3;3;316
PF13166;10;3;3;16
PF00995;376;137;130;643
PF05016;123;3;3;129
PF04738;27;3;0;30
PF04756;184;3;2;189
PF08244;145;3;3;151
PF08217;8;3;2;13
PF10505;20;3;3;26
PF08007;14;3;4;21
PF08327;88;3;2;93
PF00732;6;3;2;11
PF04597;176;3;3;182
PF13379;36;3;3;42
PF07967;18;3;2;23
PF00206;11;3;2;16
PF09712;12;3;2;17
PF01364;8;3;7;18
PF18790;27;3;2;32
PF08341;131;3;4;138
PF02348;8;3;2;13
PF02361;11;3;3;17
PF01203;51;3;2;56
PF17197;47;3;2;52
PF03547;10;3;3;16
PF03524;138;3;2;143
PF00854;15;3;3;21
PF18742;60;3;2;65
PF02365;533;3;2;538
PF15501;21;3;2;26
PF02442;18;3;2;23
PF11635;9;3;2;14
PF05947;114;3;3;120
PF08389;18;3;4;25
PF00817;68;3;1;72
PF09544;25;3;2;30
PF12472;6;3;2;11
PF04832;250;3;3;256
PF11780;37;3;3;43
PF12276;31;3;3;37
PF04883;53;3;3;59
PF10211;85;2;1;88
PF14630;128;2;2;132
PF12687;52;3;2;57
PF13456;20;3;3;26
PF12693;8;3;2;13
PF13672;31;3;2;36
PF00339;16;2;3;21
PF13452;15;3;2;20
PF01582;5;3;3;11
PF12724;38;3;3;44
PF08761;14;3;2;19
PF16083;37;3;2;42
PF18443;21;3;4;28
PF02926;26;3;5;34
PF10272;34;3;2;39
PF00344;910;2;1;913
PF03023;8;2;2;12
PF16120;19;2;2;23
PF12869;5;2;1;8
PF08728;4;2;1;7
PF08713;66;2;1;69
PF16105;7;2;2;11
PF02990;332;2;2;336
PF02995;14;2;1;17
PF02838;53;2;1;56
PF05684;3;2;1;6
PF14421;6;2;1;9
PF02897;8;2;4;14
PF02893;10;2;1;13
PF18451;45;2;1;48
PF02909;10;2;1;13
PF16093;114;2;1;117
PF02940;14;2;1;17
PF02913;41;3;3;47
PF04991;32;3;5;40
PF01028;102;3;2;107
PF04910;86;3;3;92
PF18643;18;3;2;23
PF15927;28;3;2;33
PF16428;5;3;2;10
PF12236;35;3;2;40
PF03145;39;3;3;45
PF08951;57;3;2;62
PF03125;14;3;2;19
PF02776;79;3;2;84
PF04986;29;3;3;35
PF13125;8;3;2;13
PF08597;159;3;3;165
PF16800;8;3;2;13
PF09148;238;3;2;243
PF04979;105;3;2;110
PF14335;52;3;3;58
PF03114;15;3;3;21
PF18426;54;3;3;60
PF11060;9;3;3;15
PF11155;106;3;4;113
PF18555;10;3;3;16
PF11145;23;3;1;27
PF15952;8;3;3;14
PF14412;60;3;6;69
PF03016;13;3;4;20
PF18289;79;3;5;87
PF11102;25;3;3;31
PF18595;145;3;2;150
PF08798;103;3;3;109
PF02800;42;3;2;47
PF08787;32;3;2;37
PF18546;11;3;3;17
PF16162;10;3;3;16
PF16216;25;3;2;30
PF03024;17;3;2;22
PF11769;57;3;3;63
PF12048;13;3;3;19
PF13361;19;3;0;22
PF14629;132;3;2;137
PF01602;12;3;3;18
PF00389;77;3;3;83
PF00388;76;3;2;81
PF01578;19;3;3;25
PF13088;33;3;3;39
PF00439;23;3;4;30
PF04280;72;3;2;77
PF10269;21;3;2;26
PF04313;30;3;1;34
PF04307;101;3;3;107
PF00042;3;4;3;10
PF09624;12;4;3;19
PF06114;32;4;5;41
PF00361;9;3;2;14
PF11884;8;3;2;13
PF11863;19;3;2;24
PF11871;164;3;3;170
PF14817;13;3;7;23
PF14730;60;3;3;66
PF01762;9;3;2;14
PF00497;260;3;2;265
PF17804;102;3;3;108
PF13586;9;3;3;15
PF12684;18;3;2;23
PF13762;9;3;2;14
PF06814;9;3;2;14
PF06808;11;3;3;17
PF01661;79;3;2;84
PF01746;9;3;3;15
PF13026;30;3;4;37
PF06777;18;3;4;25
PF14688;34;3;2;39
PF11168;15;4;4;23
PF10112;27;3;2;32
PF03099;11;4;3;18
PF12896;89;4;3;96
PF01648;93;4;5;102
PF00567;11;4;3;18
PF04042;16;4;4;24
PF16089;31;4;3;38
PF08740;215;4;3;222
PF10127;21;4;4;29
PF13032;25;4;5;34
PF00082;14;4;2;20
PF16016;180;4;5;189
PF17928;13;4;3;20
PF02883;46;4;5;55
PF14284;40;4;3;47
PF12640;12;4;3;19
PF13787;86;4;3;93
PF13789;13;4;3;20
PF14703;166;4;4;174
PF13925;66;4;4;74
PF01628;710;4;3;717
PF10192;14;4;4;22
PF03133;12;4;3;19
PF13358;29;4;3;36
PF03062;13;4;3;20
PF12051;19;4;3;26
PF08615;12;4;3;19
PF05183;12;4;7;23
PF13372;11;4;3;18
PF06122;29;4;4;37
PF03050;57;4;4;65
PF13425;13;4;3;20
PF03009;17;4;4;25
PF03013;12;4;4;20
PF01032;100;4;3;107
PF13904;18;4;4;26
PF01584;198;4;3;205
PF14771;65;3;3;71
PF05163;9;3;2;14
PF05150;64;3;3;70
PF09960;5;3;2;10
PF00235;245;3;3;251
PF00640;12;3;2;17
PF07470;11;3;3;17
PF13274;91;3;3;97
PF07464;7;3;2;12
PF03901;10;3;3;16
PF07344;68;3;2;73
PF12819;53;3;3;59
PF12813;15;3;2;20
PF09982;100;3;2;105
PF13303;35;3;3;41
PF06144;13;3;4;20
PF04005;22;3;2;27
PF01385;15;3;4;22
PF03923;40;3;2;45
PF03845;9;3;3;15
PF00229;22;3;3;28
PF12078;24;3;2;29
PF02104;524;3;2;529
PF14491;10;3;3;16
PF00694;7;3;2;12
PF00692;12;3;3;18
PF03748;507;3;3;513
PF12525;8;3;2;13
PF02050;78;3;3;84
PF15047;11;3;3;17
PF07596;27;3;3;33
PF07653;16;3;4;23
PF03824;9;3;2;14
PF07559;147;3;2;152
PF01977;433;3;3;439
PF14995;24;3;3;30
PF07258;251;3;2;256
PF07160;30;3;2;35
PF13877;141;3;2;146
PF13575;33;3;2;38
PF04093;9;3;2;14
PF10109;43;3;3;49
PF10280;83;3;3;89
PF01810;10;3;3;16
PF10090;61;3;2;66
PF14598;5;3;4;12
PF10098;98;3;2;103
PF04107;7;3;2;12
PF13843;12;3;3;18
PF11991;105;3;2;110
PF04404;22;3;3;28
PF13830;80;3;2;85
PF04144;130;3;1;134
PF01513;11;3;3;17
PF05388;9;3;2;14
PF04095;9;3;3;15
PF07228;129;6;10;145
PF04084;133;3;2;138
PF10065;8;3;3;14
PF06240;7;3;2;12
PF01415;11;3;4;18
PF10328;79;3;3;85
PF00275;13;3;3;19
PF13862;180;3;2;185
PF12648;17;3;2;22
PF10018;8;3;3;14
PF10016;8;3;3;14
PF10004;9;3;2;14
PF13115;55;3;3;61
PF00534;36;3;3;42
PF05258;98;3;2;103
PF01891;103;3;3;109
PF10088;40;3;3;46
PF01420;19;3;3;25
PF05368;11;3;3;17
PF01732;21;6;4;31
PF12642;23;6;6;35
PF08757;24;6;6;36
PF16289;52;14;14;80
PF06419;82;14;13;109
PF09529;82;14;13;109
PF12008;71;14;18;103
PF09594;68;14;13;95
PF00881;50;14;12;76
PF10101;41;14;13;68
PF02301;103;14;14;131
PF08489;92;14;13;119
PF04043;662;14;14;690
PF10607;78;14;20;112
PF14238;51;14;13;78
PF12705;27;15;15;57
PF12320;244;15;14;273
PF00188;42;14;11;67
PF06090;62;14;13;89
PF14092;52;14;13;79
PF00882;64;14;16;94
PF12698;68;14;14;96
PF09273;106;14;17;137
PF02687;51;14;11;76
PF10416;62;14;11;87
PF00593;318;14;5;337
PF04909;53;14;14;81
PF11951;54;14;14;82
PF07687;133;14;10;157
PF02769;65;14;15;94
PF04290;64;14;13;91
PF00890;28;14;10;52
PF00487;65;14;13;92
PF06097;54;14;14;82
PF11845;191;14;14;219
PF03619;267;14;14;295
PF09903;47;15;14;76
PF13505;48;13;13;74
PF00814;71;15;15;101
PF13259;56;15;14;85
PF04180;80;16;16;112
PF16686;51;16;16;83
PF14103;59;16;15;90
PF01124;156;16;15;187
PF07238;117;16;16;149
PF13145;70;16;16;102
PF11209;60;16;15;91
PF04857;125;16;15;156
PF12019;285;16;16;317
PF08631;45;16;17;78
PF12215;100;16;16;132
PF02668;58;17;11;86
PF05504;324;17;17;358
PF03153;22;17;16;55
PF14065;98;16;15;129
PF03739;57;16;15;88
PF14905;268;15;15;298
PF14907;67;15;15;97
PF18730;55;15;14;84
PF06087;87;15;17;119
PF05679;34;15;16;65
PF02272;54;15;19;88
PF08647;90;15;9;114
PF11984;69;15;8;92
PF01963;136;15;15;166
PF02332;54;15;15;84
PF02350;65;15;14;94
PF05960;301;15;14;330
PF01937;41;15;15;71
PF03924;103;15;7;125
PF06527;69;15;14;98
PF04587;49;15;14;78
PF10259;58;15;15;88
PF10513;14;15;16;45
PF18754;77;17;16;110
PF13567;69;13;10;92
PF00590;57;13;15;85
PF01284;56;12;14;82
PF07670;121;12;12;145
PF00215;36;12;11;59
PF03864;45;12;12;69
PF12036;35;12;11;58
PF11701;80;12;11;103
PF14897;42;12;11;65
PF14014;185;12;12;209
PF13609;48;12;12;72
PF13908;20;12;12;44
PF04250;34;12;12;58
PF06664;44;12;10;66
PF07697;175;13;14;202
PF07695;100;13;19;132
PF10592;42;12;11;65
PF07751;172;12;12;196
PF06197;45;12;12;69
PF10277;40;12;11;63
PF09353;93;12;12;117
PF05942;44;12;11;67
PF00326;32;12;15;59
PF00034;40;12;8;60
PF09455;44;12;10;66
PF09375;51;12;12;75
PF08811;141;12;12;165
PF05236;53;12;11;76
PF05138;42;12;15;69
PF12311;135;12;11;158
PF18145;81;12;18;111
PF03567;32;12;10;54
PF03472;77;12;11;100
PF08208;55;12;12;79
PF10237;124;12;13;149
PF00482;228;13;15;256
PF01459;47;13;13;73
PF02743;82;13;19;114
PF08808;115;13;14;142
PF04791;54;13;13;80
PF00144;41;13;17;71
PF08522;235;13;14;262
PF05065;48;13;13;74
PF13546;46;13;12;71
PF09924;56;13;12;81
PF01145;49;13;13;75
PF00190;37;13;12;62
PF10253;49;13;13;75
PF01579;65;13;12;90
PF04932;34;13;9;56
PF14611;56;13;14;83
PF03706;48;13;13;74
PF12792;50;13;13;76
PF01944;389;13;13;415
PF13886;85;13;12;110
PF14524;165;13;12;190
PF01127;46;13;12;71
PF00091;44;13;13;70
PF14450;233;13;15;261
PF13707;108;13;13;134
PF11563;51;13;13;77
PF09485;76;13;12;101
PF08733;56;13;12;81
PF00296;48;13;12;73
PF16015;49;13;13;75
PF04199;401;13;13;427
PF11130;40;13;13;66
PF01087;49;13;13;75
PF02322;666;13;12;691
PF06870;84;13;12;109
PF09742;33;13;13;59
PF10914;155;13;13;181
PF04675;398;13;11;422
PF04069;48;17;18;83
PF13968;67;17;22;106
PF15377;40;17;16;73
PF03063;107;32;32;171
PF13476;51;32;23;106
PF05649;761;32;37;830
PF04264;796;33;33;862
PF13012;230;33;30;293
PF14009;126;33;33;192
PF00003;623;32;41;696
PF00759;308;33;31;372
PF03105;118;36;32;186
PF04860;227;36;36;299
PF13622;185;37;38;260
PF10040;132;37;36;205
PF01804;245;38;33;316
PF01061;69;39;39;147
PF05794;117;35;37;189
PF01261;118;31;31;180
PF10250;110;30;29;169
PF11306;112;30;29;171
PF02589;81;27;27;135
PF05228;90;27;23;140
PF12767;73;28;27;128
PF03595;415;28;26;469
PF03463;207;28;29;264
PF00496;110;29;27;166
PF13868;88;29;28;145
PF04386;82;29;29;140
PF18739;157;29;29;215
PF02596;139;29;28;196
PF10145;79;29;25;133
PF13858;112;30;29;171
PF06283;121;30;30;181
PF08376;224;30;26;280
PF11799;754;30;25;809
PF05140;132;39;38;209
PF01925;597;27;26;650
PF07331;415;40;38;493
PF13590;159;42;41;242
PF08592;179;66;66;311
PF01040;877;67;67;1011
PF00858;271;71;69;411
PF04402;560;73;73;706
PF01523;1125;74;73;1272
PF04390;290;75;75;440
PF04892;289;62;59;410
PF12697;291;76;75;442
PF02811;10;87;87;184
PF03929;349;89;89;527
PF12704;401;100;101;602
PF11838;514;104;103;721
PF00115;460;114;94;668
PF03313;409;118;118;645
PF01992;191;81;80;352
PF04427;422;62;60;544
PF00104;203;62;60;325
PF16653;226;60;64;350
PF01832;552;42;48;642
PF04130;160;43;32;235
PF01062;102;44;43;189
PF04981;108;45;45;198
PF04157;119;49;41;209
PF08463;55;49;46;150
PF01266;334;50;43;427
PF07264;203;53;53;309
PF17853;778;55;52;885
PF00163;390;55;56;501
PF06050;244;55;39;338
PF04051;230;56;55;341
PF01546;203;56;56;315
PF12686;224;58;58;340
PF00100;271;59;57;387
PF03695;91;41;42;174
PF08324;128;27;24;179
PF01636;99;27;26;152
PF06245;307;27;27;361
PF04577;104;19;17;140
PF10722;72;19;19;110
PF12079;82;19;19;120
PF12161;28;19;19;66
PF03061;93;19;19;131
PF05050;77;19;20;116
PF03321;134;19;19;172
PF13480;103;19;19;141
PF14054;71;19;19;109
PF02635;75;19;19;113
PF14093;74;20;19;113
PF06629;167;20;19;206
PF14121;57;20;19;96
PF06999;220;20;19;259
PF09481;68;19;18;105
PF01014;42;19;20;81
PF01850;73;19;19;111
PF01156;773;18;18;809
PF13387;56;17;17;90
PF13280;423;17;17;457
PF09414;114;17;25;156
PF06224;49;17;16;82
PF05816;128;17;17;162
PF04757;58;17;16;91
PF14610;63;18;17;98
PF02621;50;18;18;86
PF03942;166;18;17;201
PF05139;140;18;17;175
PF00656;46;18;14;78
PF00696;62;18;20;100
PF09709;94;18;18;130
PF04245;66;18;17;101
PF04230;73;18;19;110
PF01048;73;20;19;112
PF05235;314;20;20;354
PF02441;51;20;19;90
PF03167;74;20;25;119
PF01814;107;24;25;156
PF13557;76;24;17;117
PF03067;163;24;24;211
PF04515;260;24;24;308
PF03743;159;25;25;209
PF02752;94;25;22;141
PF09995;242;25;25;292
PF13584;102;25;24;151
PF09972;94;25;24;143
PF01987;465;26;25;516
PF03797;385;26;23;434
PF13458;104;27;27;158
PF09754;329;27;28;384
PF05226;392;27;26;445
PF07690;95;27;25;147
PF14518;91;24;22;137
PF06271;39;11;8;58
PF03798;90;24;23;137
PF00753;85;23;20;128
PF11051;45;21;21;87
PF01416;251;21;21;293
PF00335;78;21;21;120
PF01970;386;21;21;428
PF11832;55;21;21;97
PF09366;89;22;22;133
PF02221;48;22;21;91
PF09531;82;22;21;125
PF17681;123;23;28;174
PF11964;157;23;24;204
PF14060;87;23;22;132
PF03787;78;23;21;122
PF03611;97;23;23;143
PF06480;79;23;17;119
PF08843;83;23;22;128
PF10165;65;24;23;112
PF03022;16;2;1;19
PF04286;57;11;10;78
PF01105;193;11;11;215
PF01177;31;7;7;45
PF03477;72;7;7;86
PF12576;15;7;6;28
PF01477;25;7;5;37
PF10670;203;7;6;216
PF14137;27;7;7;41
PF06835;39;7;6;52
PF03407;23;7;6;36
PF08544;64;7;6;77
PF00884;26;7;7;40
PF13669;36;7;7;50
PF11488;29;7;8;44
PF11139;18;7;7;32
PF12805;35;7;6;48
PF10747;16;7;6;29
PF05521;83;7;4;94
PF01876;26;7;7;40
PF01920;39;7;7;53
PF11583;68;7;6;81
PF05705;25;7;7;39
PF07776;75;7;5;87
PF05685;127;7;6;140
PF18632;15;7;6;28
PF09848;29;7;6;42
PF02535;24;7;6;37
PF02566;112;7;6;125
PF00347;17;7;8;32
PF07773;57;7;7;71
PF09991;23;7;6;36
PF01928;29;7;8;44
PF01228;60;7;8;75
PF01223;29;7;5;41
PF03537;154;7;6;167
PF13324;27;7;7;41
PF12296;226;7;6;239
PF12729;30;7;8;45
PF16012;28;7;5;40
PF13848;29;8;8;45
PF12736;29;8;7;44
PF14329;79;8;7;94
PF13437;53;8;6;67
PF14487;41;8;6;55
PF04104;28;8;7;43
PF10232;22;8;8;38
PF07044;105;8;8;121
PF09376;30;8;8;46
PF05795;28;8;7;43
PF00579;22;8;7;37
PF13934;67;8;5;80
PF01263;31;8;9;48
PF13801;31;8;8;47
PF13902;33;8;9;50
PF00059;32;7;4;43
PF03169;20;7;6;33
PF13377;70;7;5;82
PF05400;80;7;7;94
PF04632;55;7;7;69
PF04610;51;7;17;75
PF03985;27;7;7;41
PF02932;20;7;5;32
PF02949;23;7;6;36
PF14317;175;7;5;187
PF13949;122;7;20;149
PF13835;99;7;6;112
PF14667;204;7;3;214
PF05157;72;7;10;89
PF07165;26;7;7;40
PF04453;20;7;7;34
PF16815;47;7;6;60
PF12657;28;7;8;43
PF14253;22;7;7;36
PF13785;66;8;5;79
PF17517;214;7;8;229
PF07940;55;7;9;71
PF09335;53;6;6;65
PF16962;21;6;5;32
PF09323;28;6;5;39
PF10076;13;6;6;25
PF14052;23;6;6;35
PF10646;570;6;6;582
PF00156;20;6;6;32
PF11807;33;6;6;45
PF18160;20;6;5;31
PF12392;402;6;4;412
PF10075;21;6;5;32
PF11855;62;6;5;73
PF09484;20;6;5;31
PF10327;40;6;5;51
PF14479;81;6;5;92
PF10099;220;6;5;231
PF10974;121;6;5;132
PF05859;107;6;5;118
PF12632;18;6;5;29
PF14752;20;6;6;32
PF15980;38;6;5;49
PF14435;22;6;6;34
PF00503;117;6;5;128
PF14430;23;6;5;34
PF08774;18;6;4;28
PF13972;74;6;6;86
PF14828;23;6;6;35
PF10114;183;6;5;194
PF08842;24;6;8;38
PF09135;76;6;6;88
PF13729;26;6;6;38
PF10947;16;6;5;27
PF07394;39;6;5;50
PF04952;20;6;5;31
PF17561;24;7;7;38
PF07729;196;6;5;207
PF14125;22;6;6;34
PF05786;41;7;6;54
PF10536;23;7;8;38
PF09580;27;7;7;41
PF14082;23;7;6;36
PF17231;27;7;7;41
PF02274;18;7;6;31
PF01569;59;7;8;74
PF03634;37;7;6;50
PF13515;144;7;15;166
PF00459;33;7;6;46
PF07950;52;7;4;63
PF06586;25;7;7;39
PF08314;52;7;7;66
PF00419;25;7;6;38
PF09721;166;7;7;180
PF00001;51;7;6;64
PF11185;105;7;6;118
PF06078;45;7;7;59
PF09798;15;6;6;27
PF08378;244;6;6;256
PF00795;27;6;6;39
PF12260;18;6;5;29
PF02492;32;6;5;43
PF00148;65;6;6;77
PF13705;26;6;6;38
PF15328;22;6;6;34
PF02190;59;6;7;72
PF14072;35;6;5;46
PF02194;159;6;1;166
PF09617;16;6;6;28
PF07996;30;6;6;42
PF02486;32;6;6;44
PF04092;280;7;7;294
PF14929;18;6;6;30
PF02485;26;8;8;42
PF13289;47;8;6;61
PF01593;40;8;8;56
PF00903;33;10;7;50
PF06398;26;10;8;44
PF11906;92;10;8;110
PF10096;65;10;9;84
PF01757;48;10;11;69
PF06544;171;10;10;191
PF13346;38;10;10;58
PF14106;34;10;9;53
PF07980;36;10;10;56
PF03631;89;10;9;108
PF11705;75;10;10;95
PF01699;67;10;10;87
PF06719;316;10;9;335
PF14661;32;10;7;49
PF01544;38;10;10;58
PF18728;72;10;10;92
PF01956;36;10;10;56
PF03281;41;10;11;62
PF02498;149;9;10;168
PF18864;72;10;9;91
PF10744;42;10;5;57
PF08737;51;10;10;71
PF04647;201;10;10;221
PF09581;87;10;9;106
PF02933;62;10;6;78
PF01031;191;10;10;211
PF14378;36;10;9;55
PF14932;25;10;9;44
PF14362;62;10;8;80
PF16927;136;10;11;157
PF06179;39;10;9;58
PF10428;15;10;6;31
PF09898;37;10;10;57
PF14646;33;10;9;52
PF12735;43;9;9;61
PF12822;37;10;10;57
PF13632;43;11;11;65
PF09900;76;11;10;97
PF05130;71;11;11;93
PF08495;299;11;12;322
PF13197;87;11;10;108
PF03435;37;11;7;55
PF12969;60;11;14;85
PF09843;42;11;11;64
PF01467;38;11;11;60
PF07696;193;11;13;217
PF03799;357;11;11;379
PF07575;40;11;10;61
PF14022;42;11;11;64
PF01168;273;11;18;302
PF11188;57;11;11;79
PF01399;46;11;5;62
PF14278;367;11;11;389
PF14303;39;11;9;59
PF09822;122;11;11;144
PF04335;35;11;10;56
PF00061;57;11;17;85
PF05193;78;11;14;103
PF13424;44;11;15;70
PF09073;45;11;11;67
PF02782;42;11;11;64
PF02901;51;11;13;75
PF13479;40;11;11;62
PF14356;40;11;10;61
PF18813;26;11;10;47
PF02321;55;11;15;81
PF09704;29;11;11;51
PF08598;37;11;11;59
PF03168;79;11;10;100
PF13148;57;11;11;79
PF00528;46;10;11;67
PF10225;56;9;7;72
PF00582;132;9;9;150
PF07686;38;9;9;56
PF04338;57;8;8;73
PF13233;196;8;8;212
PF05709;27;8;7;42
PF02118;31;8;8;47
PF01823;27;8;7;42
PF13679;33;8;10;51
PF00849;27;8;8;43
PF13359;30;8;8;46
PF14196;59;8;8;75
PF11162;89;8;8;105
PF11367;31;8;8;47
PF16411;41;8;5;54
PF01917;28;8;7;43
PF00992;77;8;19;104
PF10341;21;8;7;36
PF00117;69;8;6;83
PF12158;29;8;8;45
PF00169;44;8;8;60
PF02624;252;8;7;267
PF00664;7;8;3;18
PF00637;7;8;6;21
PF02653;29;8;7;44
PF03837;31;8;9;48
PF07685;51;8;7;66
PF06757;65;8;7;80
PF15866;27;8;5;40
PF09209;19;8;8;35
PF00704;65;8;5;78
PF06691;29;8;8;45
PF03636;281;8;3;292
PF16026;38;8;7;53
PF14099;31;8;8;47
PF13481;30;8;5;43
PF01395;207;8;7;222
PF10358;31;8;6;45
PF18705;181;8;7;196
PF00294;34;8;8;50
PF13094;65;9;8;82
PF14391;36;9;9;54
PF04383;99;9;10;118
PF05133;34;9;9;52
PF02203;28;9;8;45
PF00848;31;9;8;48
PF05426;22;9;6;37
PF09511;119;9;9;137
PF17931;86;9;8;103
PF01697;31;9;7;47
PF14417;91;9;8;108
PF14436;29;9;9;47
PF17924;51;9;8;68
PF02779;45;9;9;63
PF01545;47;9;9;65
PF01878;101;9;6;116
PF00999;39;11;8;58
PF08559;69;9;9;87
PF08593;21;9;8;38
PF00293;111;8;8;127
PF14280;41;8;8;57
PF13568;30;8;8;46
PF14464;46;8;12;66
PF04082;30;9;8;47
PF06911;123;9;9;141
PF00563;50;9;8;67
PF18717;69;9;8;86
PF14289;265;9;8;282
PF14264;33;9;9;51
PF00278;481;9;9;499
PF11957;32;9;7;48
PF11912;33;9;9;51
PF09808;53;9;8;70
PF06314;41;9;8;58
PF08619;16;9;8;33
PF08690;27;2;2;31
PF09405;11;3;3;17
PF01368;760;161;222;1143
PF00378;5;2;2;9
PF00384;12;2;1;15
PF06328;35;2;1;38
PF11006;33;1;1;35
PF00021;24;2;1;27
PF12950;11;2;2;15
PF01555;21;2;1;24
PF01557;47;2;2;51
PF10257;12;2;2;16
PF01554;24;2;7;33
PF04283;29;2;1;32
PF09174;97;1;1;99
PF02879;57;2;2;61
PF09172;7;1;0;8
PF13468;67;2;1;70
PF08875;1;1;1;3
PF13470;58;2;1;61
PF15780;6;1;1;8
PF12974;99;2;1;102
PF13676;413;2;1;416
PF04326;80;2;2;84
PF08921;9;1;1;11
PF18857;6;1;2;9
PF10149;34;1;1;36
PF04976;4;1;1;6
PF13687;20;2;1;23
PF11008;21;1;1;23
PF01595;92;2;0;94
PF01613;84;2;2;88
PF13704;44;2;1;47
PF00474;6;2;2;10
PF04229;290;2;1;293
PF05164;433;2;1;436
PF02727;6;1;1;8
PF05224;7;2;2;11
PF05158;11;2;1;14
PF02724;117;1;1;119
PF01657;503;2;1;506
PF05004;77;1;1;79
PF00430;10;2;2;14
PF04987;149;1;1;151
PF09115;66;1;1;68
PF06653;18;2;3;23
PF13092;76;2;2;80
PF00060;16;2;4;22
PF01571;69;2;1;72
PF12309;33;1;1;35
PF00398;8;2;1;11
PF12298;18;1;1;20
PF00403;38;2;0;40
PF13689;126;2;2;130
PF06738;128;2;1;131
PF09229;234;1;1;236
PF10927;1;1;1;3
PF01612;20;2;0;22
PF10156;23;2;2;27
PF05176;40;1;1;42
PF09112;31;1;1;33
PF05188;24;1;1;26
PF00337;47;1;1;49
PF13714;79;1;1;81
PF17683;45;1;1;47
PF11950;21;1;1;23
PF13610;10;1;1;12
PF06763;5;1;1;7
PF15699;19;1;1;21
PF11888;30;1;1;32
PF00483;29;1;1;31
PF04161;78;1;2;81
PF04177;159;1;1;161
PF14366;18;2;2;22
PF00359;98;1;2;101
PF11874;58;1;1;60
PF15869;5;1;1;7
PF04205;1002;1;1;1004
PF13768;5;1;1;7
PF13791;22;1;1;24
PF04134;85;1;1;87
PF04138;122;1;1;124
PF16116;55;1;1;57
PF00523;7;1;1;9
PF11977;18;1;1;20
PF17800;195;1;1;197
PF13727;26;1;2;29
PF13731;70;1;0;71
PF04190;148;1;1;150
PF13701;29;2;2;33
PF02749;123;1;1;125
PF18718;129;1;1;131
PF05223;9;1;2;12
PF02735;229;1;0;230
PF01681;54;1;0;55
PF14683;138;1;0;139
PF01541;35;1;1;37
PF15603;7;1;1;9
PF10117;17;1;1;19
PF01719;8;1;1;10
PF01725;1270;1;1;1272
PF01730;327;1;2;330
PF01075;11;1;1;13
PF02728;8;1;2;11
PF00407;16;1;1;18
PF01731;4;1;1;6
PF04221;4;1;1;6
PF15915;104;1;2;107
PF15956;6;1;1;8
PF08873;8;1;1;10
PF15935;5;1;2;8
PF06560;2;1;1;4
PF04956;57;1;1;59
PF11938;76;1;1;78
PF11939;54;1;1;56
PF06321;8;1;2;11
PF06333;3;1;1;5
PF06367;3;1;1;5
PF08805;4;1;1;6
PF04185;15;2;1;18
PF11949;10;2;2;14
PF01151;147;1;1;149
PF07110;43;2;4;49
PF04018;64;2;1;67
PF04041;3;2;1;6
PF00581;102;2;1;105
PF14473;30;1;4;35
PF18851;19;2;2;23
PF05135;34;2;2;38
PF09986;17;2;2;21
PF16787;8;1;2;11
PF10368;123;2;1;126
PF10373;29;2;2;33
PF01207;14;1;1;16
PF01229;2;1;1;4
PF13879;97;2;0;99
PF10027;30;2;1;33
PF10009;43;2;2;47
PF13903;6;2;2;10
PF02698;609;1;1;611
PF00568;4;2;2;8
PF02673;1001;1;1;1003
PF06912;620;2;1;623
PF01905;19;2;1;22
PF01895;247;2;0;249
PF12770;23;2;4;29
PF06998;16;2;1;19
PF13896;72;2;1;75
PF01202;75;1;0;76
PF10350;10;2;0;12
PF03980;113;2;1;116
PF05031;51;1;0;52
PF09971;8;2;2;12
PF09925;103;2;1;106
PF09946;11;2;2;15
PF02616;3;1;1;5
PF12825;45;2;2;49
PF10637;24;1;2;27
PF03968;35;2;1;38
PF06160;84;2;2;88
PF10665;6;1;1;8
PF13562;76;2;2;80
PF06182;8;2;2;12
PF02602;76;1;1;78
PF13874;120;2;1;123
PF06161;5;2;1;8
PF01183;21;1;1;23
PF07242;9;2;1;12
PF07247;2;2;1;5
PF10383;26;2;1;29
PF09977;38;2;2;42
PF10395;23;2;1;26
PF10409;31;2;1;34
PF10602;55;1;1;57
PF01380;17;2;3;22
PF12654;136;2;1;139
PF10595;3;1;1;5
PF05037;7;1;1;9
PF00585;2;2;3;7
PF13735;24;1;1;26
PF14532;6;2;2;10
PF12744;4;2;1;7
PF12363;12;1;1;14
PF01750;15;2;2;19
PF05159;4;2;1;7
PF13809;5;2;2;9
PF12322;6;1;2;9
PF17708;9;2;2;13
PF05155;5;2;1;8
PF01769;1028;2;2;1032
PF01528;4;2;1;7
PF10128;144;2;2;148
PF02638;2;1;1;4
PF06386;160;2;2;164
PF01802;7;2;2;11
PF10688;65;1;1;67
PF13740;42;2;1;45
PF04233;9;2;1;12
PF01152;7;1;1;9
PF11893;45;2;2;49
PF00485;6;2;2;10
PF11846;20;2;5;27
PF06804;46;2;1;49
PF00480;7;2;2;11
PF13598;52;2;1;55
PF13017;16;2;2;20
PF01650;14;2;2;18
PF04261;8;2;3;13
PF06776;42;2;1;45
PF01499;6;2;2;10
PF05389;161;2;1;164
PF05149;6;2;2;10
PF01126;11;1;1;13
PF06996;154;2;1;157
PF05267;60;2;2;64
PF01430;606;2;2;610
PF01896;24;2;3;29
PF01901;16;2;1;19
PF10899;3;1;1;5
PF06248;5;2;1;8
PF06226;77;2;2;81
PF06864;5;2;1;8
PF02654;669;1;1;671
PF01812;15;2;1;18
PF12369;6;1;1;8
PF01865;4;2;1;7
PF14558;212;2;0;214
PF01507;18;2;0;20
PF14845;50;2;1;53
PF01478;76;2;0;78
PF01494;2;2;1;5
PF00079;126;2;1;129
PF01130;234;1;1;236
PF11997;26;2;1;29
PF01791;10;2;4;16
PF04114;56;2;1;59
PF14871;4;2;2;8
PF05239;94;2;1;97
PF01150;5;1;1;7
PF13739;72;1;2;75
PF00517;2;1;1;4
PF16064;53;1;2;56
PF08424;19;1;0;20
PF08433;16;1;1;18
PF08455;11;1;1;13
PF04794;202;1;1;204
PF16420;137;1;1;139
PF18014;30;1;1;32
PF18050;107;1;1;109
PF00119;696;1;2;699
PF03599;3;1;2;6
PF11614;186;1;1;188
PF18406;37;1;1;39
PF14331;7;1;1;9
PF14100;98;1;1;100
PF00811;48;1;1;50
PF03129;94;1;1;96
PF16984;1;1;1;3
PF16994;14;1;1;16
PF04847;4;1;1;6
PF03124;296;1;1;298
PF03184;9;1;1;11
PF05916;153;1;2;156
PF17023;4;1;1;6
PF17117;21;1;1;23
PF16694;73;1;1;75
PF17127;45;1;1;47
PF03481;653;1;1;655
PF14108;91;1;1;93
PF16810;16;1;1;18
PF08320;103;1;1;105
PF13236;7;1;1;9
PF17929;49;1;1;51
PF04620;3;1;1;5
PF00167;49;1;1;51
PF12166;6;1;1;8
PF17251;6;1;1;8
PF16531;89;1;1;91
PF16486;190;1;7;198
PF08101;16;1;0;17
PF14067;38;1;1;40
PF08030;13;1;1;15
PF17245;22;1;1;24
PF17246;23;1;2;26
PF14088;88;1;1;90
PF07929;112;1;1;114
PF16473;13;1;1;15
PF08417;74;1;1;76
PF14135;56;1;1;58
PF17938;248;1;1;250
PF05983;144;1;1;146
PF04709;13;1;2;16
PF04715;47;1;3;51
PF16457;51;1;0;52
PF00782;19;1;1;21
PF00788;17;1;2;20
PF14111;84;1;2;87
PF16448;81;1;0;82
PF07934;56;1;1;58
PF16591;10;1;1;12
PF00844;12;1;4;17
PF08418;79;1;1;81
PF03164;114;1;1;116
PF13162;3;1;1;5
PF13163;30;1;0;31
PF13393;75;1;1;77
PF18156;20;1;2;23
PF18159;33;1;1;35
PF04882;95;1;1;97
PF03148;160;1;1;162
PF18171;20;1;1;22
PF00939;6;1;1;8
PF03225;6;1;2;9
PF03235;128;1;2;131
PF03349;10;1;1;12
PF03210;2;1;1;4
PF14323;33;1;3;37
PF14273;105;1;1;107
PF00974;2;1;1;4
PF03189;51;1;1;53
PF03203;79;1;2;82
PF03209;7;1;1;9
PF13144;45;1;1;47
PF05793;3;1;1;5
PF12259;22;1;1;24
PF12281;32;1;1;34
PF16793;7;1;2;10
PF13552;51;1;1;53
PF16816;12;1;2;15
PF16809;2;1;1;4
PF03343;119;1;1;121
PF11412;107;1;1;109
PF03354;1;1;1;3
PF11489;7;1;2;10
PF08638;34;1;1;36
PF18092;95;1;1;97
PF18119;15;1;1;17
PF08637;93;1;0;94
PF11356;27;1;1;29
PF14208;18;1;1;20
PF13525;11;1;1;13
PF14213;76;1;1;78
PF00143;116;1;1;118
PF00877;19;1;1;21
PF11428;2;1;1;4
PF13204;81;1;0;82
PF13194;181;1;1;183
PF16969;74;1;1;76
PF00135;51;1;1;53
PF14296;2;1;3;6
PF14305;3;1;1;5
PF14285;21;1;5;27
PF18225;4;1;1;6
PF18142;134;1;1;136
PF00150;11;1;3;15
PF14258;98;1;1;100
PF03166;101;1;1;103
PF11383;6;1;1;8
PF13201;97;1;1;99
PF07393;17;2;2;21
PF08228;3;1;1;5
PF18271;15;1;1;17
PF06941;1;1;1;3
PF06969;39;1;1;41
PF06877;92;1;2;95
PF08676;86;1;0;87
PF13856;3;1;1;5
PF08708;21;1;0;22
PF14361;121;1;0;122
PF07369;81;1;1;83
PF00587;5;1;1;7
PF12821;52;1;1;54
PF13971;3;1;1;5
PF01025;68;1;1;70
PF14372;60;1;3;64
PF01036;6;1;3;10
PF13308;34;1;4;39
PF13313;29;1;1;31
PF03945;3;1;1;5
PF13977;134;1;1;136
PF13994;15;1;1;17
PF02973;0;1;1;2
PF18540;14;1;1;16
PF03981;44;1;2;47
PF13965;33;1;1;35
PF03914;280;1;1;282
PF00652;52;1;2;55
PF18523;13;1;1;15
PF07221;13;1;1;15
PF04926;106;1;2;109
PF04052;109;1;1;111
PF07022;6;1;1;8
PF13708;19;1;1;21
PF12747;5;1;1;7
PF02902;10;1;1;12
PF04088;87;1;2;90
PF02886;6;1;2;9
PF06280;7;1;1;9
PF06268;2;1;1;4
PF02833;537;1;1;539
PF14431;4;1;1;6
PF04415;2;1;1;4
PF04116;87;1;1;89
PF04124;3;1;1;5
PF07030;60;1;1;62
PF04129;3;1;1;5
PF04947;7;1;2;10
PF18551;28;1;1;30
PF13845;63;1;1;65
PF04109;105;1;1;107
PF04152;151;1;1;153
PF04972;143;1;0;144
PF07083;14;1;1;16
PF11091;2;1;1;4
PF00282;7;1;1;9
PF00285;834;1;1;836
PF13578;107;1;1;109
PF06201;322;1;1;324
PF06841;65;1;1;67
PF11175;96;1;1;98
PF18476;29;1;1;31
PF00231;1027;1;1;1029
PF00210;169;1;1;171
PF04575;14;1;1;16
PF11790;33;1;1;35
PF11795;50;1;0;51
PF16212;49;1;0;50
PF16201;12;1;0;13
PF07731;64;1;3;68
PF00691;40;1;1;42
PF12857;61;1;1;63
PF16146;10;1;1;12
PF12863;14;1;0;15
PF00729;8;1;1;10
PF11316;9;1;1;11
PF07949;142;1;1;144
PF01012;127;1;1;129
PF12175;1;1;1;3
PF16235;4;1;1;6
PF06028;9;1;1;11
PF06048;20;1;1;22
PF03727;445;1;1;447
PF18394;7;1;2;10
PF00716;3;1;1;5
PF00717;171;1;1;173
PF00703;65;1;5;71
PF17354;2;1;1;4
PF17482;15;1;1;17
PF12872;123;1;0;124
PF11831;75;1;1;77
PF03097;168;1;2;171
PF16125;65;1;1;67
PF00241;475;1;0;476
PF06103;105;1;1;107
PF07398;32;1;2;35
PF07422;50;1;2;53
PF07435;3;1;1;5
PF00620;49;1;1;51
PF00621;94;1;1;96
PF00632;34;1;1;36
PF12835;14;1;2;17
PF16141;6;1;1;8
PF07301;38;1;1;40
PF07614;6;1;1;8
PF07817;80;1;1;82
PF07638;5;1;1;7
PF00689;90;1;1;92
PF12063;78;1;1;80
PF04547;280;1;3;284
PF04518;3;1;1;5
PF04536;652;1;1;654
PF04541;3;1;1;5
PF04542;224;1;1;226
PF03876;129;1;1;131
PF03886;64;1;1;66
PF02911;73;1;0;74
PF03800;113;1;0;114
PF07524;9;1;1;11
PF02931;76;1;0;77
PF07275;66;2;2;70
PF09480;8;1;1;10
PF09891;3;2;1;6
PF05282;104;1;1;106
PF05837;76;2;2;80
PF13398;68;2;1;71
PF14270;93;2;2;97
PF01833;15;1;5;21
PF14528;25;1;2;28
PF10741;16;2;1;19
PF14551;234;1;0;235
PF02628;58;2;3;63
PF10317;53;1;1;55
PF09359;36;2;1;39
PF01454;102;1;1;104
PF14200;236;2;0;238
PF14457;2;2;1;5
PF09950;29;1;1;31
PF14460;18;2;1;21
PF01161;307;2;2;311
PF09394;125;2;3;130
PF10394;176;1;1;178
PF01398;23;1;1;25
PF10374;74;1;1;76
PF14236;6;2;2;10
PF11566;97;2;2;101
PF05397;11;1;0;12
PF03415;3;2;1;6
PF13093;58;1;1;60
PF05134;6;1;1;8
PF00899;43;2;3;48
PF10333;11;1;1;13
PF09250;101;2;0;103
PF01827;70;1;0;71
PF03279;6;2;2;10
PF03280;41;2;2;45
PF10092;4;1;1;6
PF00909;21;2;2;25
PF14540;20;1;1;22
PF14539;38;1;1;40
PF01501;19;1;3;23
PF00910;2;2;1;5
PF01522;77;1;1;79
PF18144;34;2;2;38
PF00108;16;2;5;23
PF12330;8;2;2;12
PF10754;30;2;1;33
PF01510;612;1;1;614
PF05144;3;1;2;6
PF13189;49;2;2;53
PF09409;91;2;2;95
PF13111;18;1;1;20
PF02608;7;2;2;11
PF01904;566;1;1;568
PF01432;16;1;1;18
PF01426;7;1;0;8
PF00902;733;2;1;736
PF08564;28;2;1;31
PF17018;7;2;2;11
PF03421;6;2;2;10
PF14215;121;2;2;125
PF04797;5;2;2;9
PF03483;230;2;4;236
PF09818;29;1;1;31
PF03498;3;2;2;7
PF03502;13;2;2;17
PF08457;2;2;4;8
PF00855;138;2;1;141
PF17049;9;2;2;13
PF14977;22;1;8;31
PF17053;9;2;1;12
PF18736;7;2;2;11
PF02225;354;1;1;356
PF15304;12;1;1;14
PF02458;4;2;1;7
PF02460;5;2;1;8
PF02414;6;2;2;10
PF15280;16;1;1;18
PF03548;29;2;2;33
PF15038;16;1;1;18
PF14130;13;2;3;18
PF18008;6;2;1;9
PF15037;6;1;4;11
PF18023;5;2;1;8
PF15251;9;1;1;11
PF18042;19;2;1;22
PF09832;112;1;1;114
PF17201;31;2;2;35
PF09837;57;1;1;59
PF15515;27;2;1;30
PF18840;24;1;2;27
PF17022;7;2;2;11
PF10017;296;1;1;298
PF09999;12;1;1;14
PF10036;45;1;1;47
PF01403;165;1;3;169
PF13420;6;2;2;10
PF09402;105;2;2;109
PF15001;14;1;1;16
PF14997;10;1;4;15
PF17158;5;2;2;9
PF12624;38;1;0;39
PF00959;10;2;2;14
PF17170;3;2;1;6
PF17007;4;2;1;7
PF17009;7;2;2;11
PF09423;82;2;0;84
PF05036;114;2;0;116
PF12608;2;1;1;4
PF05817;38;2;1;41
PF05893;4;2;1;7
PF01973;64;2;2;68
PF12605;19;1;1;21
PF02541;7;2;1;10
PF12582;9;1;1;11
PF02522;123;2;2;127
PF12615;5;1;2;8
PF18062;14;2;1;17
PF01856;24;1;1;26
PF03265;106;2;3;111
PF00349;416;1;1;418
PF15978;12;2;2;16
PF08818;425;2;1;428
PF01633;30;1;1;32
PF08839;52;2;0;54
PF02765;12;2;0;14
PF01627;130;1;1;132
PF16286;4;2;1;7
PF14664;5;1;1;7
PF14332;275;2;2;279
PF16166;8;2;3;13
PF08804;7;2;2;11
PF03161;39;2;2;43
PF10229;20;1;1;22
PF05728;5;2;2;9
PF13527;68;2;2;72
PF14640;32;1;1;34
PF08639;31;2;0;33
PF16316;52;2;1;55
PF08849;47;2;2;51
PF18674;3;2;2;7
PF14637;9;1;1;11
PF04962;51;2;2;55
PF12902;21;1;1;23
PF12891;33;1;1;35
PF06496;73;1;1;75
PF09066;97;2;2;101
PF11335;78;2;2;82
PF15941;5;2;1;8
PF14368;30;2;2;34
PF01558;72;1;0;73
PF02774;16;2;0;18
PF18627;10;2;1;13
PF05697;961;2;2;965
PF04938;55;2;1;58
PF01044;2;2;2;6
PF16008;5;2;2;9
PF12927;90;1;0;91
PF16009;48;2;1;51
PF13454;88;1;1;90
PF18329;56;2;2;60
PF06407;2;1;1;4
PF04347;202;1;1;204
PF08665;7;2;1;10
PF12870;6;2;2;10
PF11198;29;2;1;32
PF14345;106;2;2;110
PF13682;351;1;1;353
PF11911;155;1;1;157
PF11905;32;1;1;34
PF14456;5;2;2;9
PF00332;4;1;1;6
PF08786;38;2;5;45
PF11101;27;2;2;31
PF11319;18;2;1;21
PF14337;25;2;2;29
PF16596;10;2;1;13
PF03135;7;2;2;11
PF01080;56;2;3;61
PF10938;37;2;2;41
PF05231;16;1;4;21
PF16752;62;2;1;65
PF13170;16;2;1;19
PF03224;27;2;0;29
PF01074;6;2;2;10
PF09234;81;2;1;84
PF12660;17;1;1;19
PF09240;13;2;2;17
PF18157;27;2;4;33
PF18163;19;2;1;22
PF00949;2;2;1;5
PF12719;49;1;0;50
PF12713;25;1;1;27
PF12685;156;1;1;158
PF00969;23;2;2;27
PF00927;7;2;1;10
PF00930;31;2;1;34
PF01738;10;1;1;12
PF14749;127;1;2;130
PF01107;3;2;1;6
PF03239;9;2;2;13
PF02645;37;2;2;41
PF10881;19;2;1;22
PF12673;439;1;1;441
PF18709;10;2;2;14
PF01771;7;1;1;9
PF01787;2;1;2;5
PF12975;14;1;6;21
PF15700;13;2;1;16
PF15719;13;2;1;16
PF09076;3;2;1;6
PF18719;86;2;1;89
PF00054;0;1;2;3
PF13460;361;1;1;363
PF00043;23;1;2;26
PF11353;7;2;2;11
PF08907;30;2;1;33
PF08924;97;2;2;101
PF00035;59;1;0;60
PF00917;28;2;1;31
PF16679;105;2;0;107
PF05791;7;2;2;11
PF13524;148;2;2;152
PF08874;40;2;2;44
PF14802;28;1;1;30
PF15882;34;2;2;38
PF05656;194;2;1;197
PF05667;30;2;2;34
PF13550;6;2;4;12
PF16818;13;2;1;16
PF14875;20;1;2;23
PF08610;110;2;1;113
PF14873;35;1;1;37
PF03176;19;2;2;23
PF11612;79;2;2;83
PF17043;7;2;2;11
PF16911;30;1;1;32
PF09812;7;2;1;10
PF09810;64;2;2;68
PF02585;68;1;1;70
PF09682;14;1;1;16
PF00102;52;2;0;54
PF17537;4;2;1;7
PF12462;27;1;1;29
PF18755;118;1;1;120
PF08202;4;2;2;8
PF09703;3;2;1;6
PF10483;87;2;1;90
PF05518;3;2;1;6
PF05072;2;1;1;4
PF02552;4;1;1;6
PF02511;319;1;2;322
PF07651;18;2;0;20
PF13369;108;2;0;110
PF09773;24;2;2;28
PF14059;76;2;1;79
PF13386;87;2;1;90
PF07898;147;2;3;152
PF06011;194;2;3;199
PF17329;11;2;1;14
PF01271;5;2;1;8
PF00650;96;2;4;102
PF09724;115;1;2;118
PF00644;11;2;1;14
PF01274;10;2;1;13
PF07336;242;2;7;251
PF02264;86;1;1;88
PF10477;2;2;1;5
PF10508;5;1;1;7
PF09670;5;2;1;8
PF10498;48;1;1;50
PF04499;23;2;1;26
PF09684;77;1;1;79
PF03916;9;2;2;13
PF07992;24;2;1;27
PF07508;43;2;1;46
PF14992;20;2;3;25
PF02582;302;1;3;306
PF03661;21;2;1;24
PF09826;88;2;1;91
PF09734;65;1;1;67
PF07916;36;2;2;40
PF07922;5;2;2;9
PF10544;105;1;1;107
PF09577;13;1;1;15
PF15469;50;1;1;52
PF01314;240;2;1;243
PF01326;91;2;4;97
PF15169;12;2;1;15
PF02355;14;1;1;16
PF09762;35;2;2;39
PF11788;25;2;2;29
PF02393;7;1;3;11
PF12473;18;1;0;19
PF05063;6;2;1;9
PF12855;65;2;1;68
PF05637;9;1;2;12
PF12499;95;2;2;99
PF07787;66;2;1;69
PF02310;82;1;1;84
PF15411;88;1;1;90
PF14494;9;2;1;12
PF07943;62;2;0;64
PF14517;6;2;1;9
PF03756;7;2;3;12
PF12625;100;2;2;104
PF01361;21;1;1;23
PF11726;18;2;1;21
PF11738;246;2;2;250
PF07852;30;2;2;34
PF07876;36;2;2;40
PF01238;6;1;1;8
PF15005;19;2;4;25
PF14500;46;2;1;49
PF01232;6;1;1;8
PF04749;325;2;2;329
PF02482;934;2;2;938
PF04598;9;2;2;13
PF09706;4;1;1;6
PF09687;144;2;2;148
PF07647;33;2;0;35
PF07739;276;2;2;280
PF07611;6;2;1;9
PF07698;49;2;4;55
PF07606;5;2;2;9
PF02480;3;1;1;5
PF01195;1043;1;1;1045
PF00651;74;2;0;76
PF07332;308;2;2;312
PF08016;4;2;1;7
PF15383;17;2;1;20
PF09387;5;1;2;8
PF15003;3;1;2;6
PF01351;9;1;0;10
PF00596;384;2;2;388
PF15586;15;1;1;17
PF09566;5;2;1;8
PF00803;4;2;1;7
PF09777;13;1;2;16
PF14023;2;2;1;5
PF15588;5;1;1;7
PF14075;13;2;2;17
PF07452;172;2;3;177
PF04616;25;2;3;30
PF11651;5;2;2;9
PF01321;94;1;1;96
PF17293;155;2;0;157
PF05557;11;1;1;13
PF14087;137;2;2;141
PF00617;319;2;9;330
PF09847;4;2;1;7
PF18819;21;1;1;23
PF09865;49;2;1;52
PF05648;43;2;2;47
PF02386;4;2;2;8
PF02089;79;1;1;81
PF14924;38;2;2;42
PF15570;4;2;1;7
PF09491;3;2;1;6
PF14908;27;2;1;30
PF09507;6;2;2;10
PF02453;232;2;1;235
PF05132;174;1;1;176
PF03572;108;2;1;111
PF05124;6;1;1;8
PF08318;119;2;2;123
PF17979;52;2;1;55
PF05997;128;2;1;131
PF05119;117;1;1;119
PF00787;50;2;0;52
PF05118;118;1;2;121
PF07321;10;2;0;12
PF05105;145;1;1;147
PF14016;141;2;3;146
PF05103;55;1;1;57
PF10501;37;2;5;44
PF18745;2;1;1;4
PF02153;6;1;1;8
PF00773;45;2;0;47
PF09839;64;2;2;68
PF09850;154;2;1;157
PF10441;10;2;2;14
PF12413;30;1;1;32
PF02195;34;1;1;36
PF04612;32;2;1;35
PF04615;129;2;2;133
PF14488;10;2;3;15
PF09790;23;2;2;27
PF03663;72;2;5;79
PF07946;161;2;1;164
PF07666;7;2;2;11
PF12851;3;2;1;6
PF00754;64;2;0;66
PF09728;59;1;1;61
PF05645;15;2;2;19
PF09844;116;2;1;119
PF15115;13;2;1;16
PF02171;9;1;1;11
PF18740;32;1;3;36
PF05098;2;1;1;4
PF00246;52;2;3;57
PF12490;28;2;1;31
PF09603;62;2;3;67
PF05192;711;134;119;964
PF13472;1418;60;61;1539
PF04893;118;29;32;179
PF13149;93;26;25;144
PF12706;69;24;23;116
PF03600;386;117;116;619
PF04055;340;67;66;473
PF12867;88;22;23;133
PF03372;134;42;28;204
PF09814;65;18;17;100
PF13439;898;69;72;1039
PF18734;61;17;16;94
PF03364;54;16;15;85
PF01734;46;15;17;78
PF00535;100;15;21;136
PF00520;10;15;19;44
PF04108;52;15;14;81
PF04546;173;14;11;198
PF11709;44;14;14;72
PF08395;50;13;13;76
PF09090;76;12;11;99
PF14032;45;12;12;69
PF01292;46;12;10;68
PF13648;50;12;12;74
PF07510;57;11;10;78
PF13229;48;11;9;68
PF02732;102;11;12;125
PF10604;80;21;21;122
PF14534;79;20;20;119
PF14276;91;10;9;110
PF14525;75;18;19;112
PF12796;134;9;9;152
PF13188;147;34;34;215
PF10677;97;17;17;131
PF00702;110;33;29;172
PF13489;30;8;8;46
PF15375;30;8;8;46
PF18812;74;8;8;90
PF13597;321;8;8;337
PF01656;39;8;8;55
PF00780;5;8;2;15
PF00149;182;43;36;261
PF12018;42;7;6;55
PF13304;52;14;13;79
PF13716;27;7;6;40
PF18737;27;7;7;41
PF13671;46;7;11;64
PF05615;126;7;7;140
PF18856;79;14;14;107
PF13175;25;7;6;38
PF17235;32;7;7;46
PF08702;27;21;16;64
PF15275;20;7;2;29
PF08269;27;7;4;38
PF01212;29;7;7;43
PF12844;22;7;6;35
PF06834;37;13;12;62
PF13279;47;13;12;72
PF06798;60;6;6;72
PF04966;21;6;6;33
PF03553;21;6;5;32
PF01063;46;6;6;58
PF14526;21;6;6;33
PF00499;749;6;5;760
PF15960;11;6;5;22
PF14348;30;6;5;41
PF13273;36;6;5;47
PF18735;176;46;46;268
PF13492;19;5;5;29
PF13462;18;5;5;28
PF15611;16;5;4;25
PF02759;21;5;3;29
PF13599;15;5;4;24
PF13569;29;5;5;39
PF03003;20;5;5;30
PF15330;21;10;9;40
PF10698;109;5;4;118
PF07642;26;10;10;46
PF11496;10;5;3;18
PF15009;21;5;4;30
PF14058;18;5;5;28
PF05731;0;5;4;9
PF00454;4;5;3;12
PF00125;18;5;4;27
PF08706;30;9;6;45
PF13520;33;9;8;50
PF13185;86;29;27;142
PF05227;96;4;3;103
PF13641;12;4;3;19
PF13208;20;4;3;27
PF00134;79;4;4;87
PF04740;28;4;3;35
PF09637;13;4;4;21
PF12887;45;4;0;49
PF03121;11;4;1;16
PF10448;10;4;3;17
PF13602;115;4;4;123
PF03899;88;4;3;95
PF02847;10;4;2;16
PF00665;67;4;4;75
PF06585;237;4;3;244
PF08210;19;4;3;26
PF08174;53;4;0;57
PF12666;95;4;3;102
PF04750;16;4;3;23
PF17203;11;4;3;18
PF13354;79;4;3;86
PF04101;17;4;3;24
PF14470;15;4;4;23
PF13360;35;8;5;48
PF06728;48;4;3;55
PF14433;31;7;7;45
PF01027;305;7;7;319
PF13563;53;17;16;86
PF13098;53;10;9;72
PF13343;37;10;10;57
PF06067;50;19;18;87
PF00583;109;25;30;164
PF06053;12;3;3;18
PF08937;25;3;3;31
PF07506;5;3;3;11
PF08617;159;3;3;165
PF15503;11;3;3;17
PF09840;16;3;2;21
PF10116;105;3;2;110
PF06013;75;6;5;86
PF00266;30;3;2;35
PF00589;17;3;3;23
PF13847;23;6;5;34
PF00258;36;6;6;48
PF16888;8;3;2;13
PF18731;18;3;3;24
PF05359;6;3;2;11
PF00089;38;3;4;45
PF04497;9;3;2;14
PF13474;34;9;8;51
PF09378;21;6;5;32
PF05477;20;3;3;26
PF12883;7;3;2;12
PF15594;9;3;3;15
PF02366;13;3;2;18
PF03044;7;3;2;12
PF15599;7;3;2;12
PF15011;20;6;6;32
PF16027;10;3;3;16
PF05768;28;3;3;34
PF18757;18;3;2;23
PF01852;8;3;0;11
PF02144;16;3;3;22
PF01537;4;3;1;8
PF14243;39;9;8;56
PF12358;164;3;4;171
PF01144;22;6;8;36
PF12699;7;3;2;12
PF18863;64;17;16;97
PF13416;52;14;14;80
PF12710;69;14;18;101
PF13432;44;11;10;65
PF13407;86;22;24;132
PF14780;18;8;7;33
PF13191;34;10;15;59
PF18063;15;5;4;24
PF13688;26;5;3;34
PF18138;15;5;5;25
PF13506;33;5;4;42
PF12895;69;5;4;78
PF12849;48;12;11;71
PF00622;16;7;6;29
PF13500;22;7;7;36
PF13401;45;9;11;65
PF00092;32;15;11;58
PF12680;305;17;14;336
PF08691;9;2;3;14
PF03761;6;2;1;9
PF13851;64;2;1;67
PF13863;183;2;1;186
PF03550;150;2;1;153
PF13690;59;4;3;66
PF00271;264;2;1;267
PF10778;4;2;1;7
PF12804;346;2;1;349
PF16746;48;2;5;55
PF03964;6;2;1;9
PF09786;10;4;3;17
PF03992;91;2;1;94
PF14163;21;4;3;28
PF06687;82;4;2;88
PF13499;82;2;1;85
PF16869;5;2;0;7
PF10376;10;2;2;14
PF01966;120;2;1;123
PF13577;106;2;1;109
PF03312;29;2;2;33
PF13117;5;2;1;8
PF10131;4;2;1;7
PF05048;40;2;2;44
PF05834;5;2;2;9
PF09666;7;2;1;10
PF16954;19;2;2;23
PF14171;5;2;2;9
PF14461;5;2;1;8
PF13637;35;6;4;45
PF02816;152;2;2;156
PF11647;1;2;1;4
PF08584;49;2;2;53
PF02592;394;2;2;398
PF13673;58;2;2;62
PF05820;3;2;1;6
PF00685;22;6;4;32
PF09476;41;2;2;45
PF13644;20;2;1;23
PF14301;24;2;1;27
PF08569;124;2;1;127
PF15733;14;6;9;29
PF01943;11;4;3;18
PF01370;54;2;0;56
PF11640;2;2;1;5
PF02120;205;2;2;209
PF02230;6;2;2;10
PF15953;5;2;1;8
PF16043;24;2;4;30
PF14025;44;2;2;48
PF13964;95;4;5;104
PF07895;7;2;2;11
PF04914;61;2;1;64
PF02223;19;2;1;22
PF12679;13;4;4;21
PF00721;4;2;1;7
PF00756;10;2;1;13
PF02870;6;2;2;10
PF13521;64;4;3;71
PF10471;34;2;1;37
PF08696;15;2;1;18
PF12708;29;4;6;39
PF07833;109;2;1;112
PF08661;16;2;2;20
PF18822;51;4;3;58
PF13582;16;4;4;24
PF13646;102;4;3;109
PF15065;35;2;2;39
PF18686;4;2;1;7
PF01968;17;2;1;20
PF05773;60;2;0;62
PF12578;20;2;1;23
PF09532;6;2;1;9
PF16740;35;2;1;38
PF14015;31;2;3;36
PF15306;31;2;4;37
PF16249;4;2;1;7
PF17294;13;2;1;16
PF09346;72;15;19;106
PF13238;38;9;9;56
PF01609;17;9;6;32
PF18810;80;14;18;112
PF18871;23;7;6;36
PF01590;142;26;25;193
PF13579;89;22;21;132
PF12443;1;5;5;11
PF15865;1;5;4;10
PF17989;64;5;5;74
PF14568;48;10;10;68
PF09817;7;5;4;16
PF06605;15;5;3;23
PF13895;24;5;7;36
PF10323;16;5;4;25
PF13426;61;19;17;97
PF06925;6;3;2;11
PF12090;16;3;1;20
PF18798;58;3;3;64
PF00307;66;3;5;74
PF02133;9;3;2;14
PF00324;16;3;2;21
PF15299;13;3;2;18
PF00083;26;3;3;32
PF05459;5;3;3;11
PF02338;9;3;2;14
PF10392;9;3;3;15
PF11655;8;3;2;13
PF02027;8;3;2;13
PF06414;12;3;3;18
PF13231;35;3;2;40
PF13428;342;3;3;348
PF16088;15;3;2;20
PF17244;18;3;1;22
PF15481;8;3;2;13
PF13519;172;3;4;179
PF18066;21;3;3;27
PF13394;16;3;3;22
PF13415;48;3;3;54
PF13554;14;3;2;19
PF03216;11;3;3;17
PF09195;4;3;2;9
PF08242;50;3;1;54
PF01547;68;20;18;106
PF08534;34;10;9;53
PF13502;0;11;6;17
PF10026;13;4;3;20
PF04242;26;4;7;37
PF01909;43;4;5;52
PF14559;148;4;3;155
PF09406;15;4;4;23
PF17918;84;5;5;94
PF04559;18;5;3;26
PF00561;22;5;5;32
PF08657;14;5;4;23
PF16729;38;5;5;48
PF03171;45;11;9;65
PF12727;122;6;5;133
PF14567;20;6;6;32
PF00657;29;8;8;45
PF01979;28;8;9;45
PF13531;102;17;16;135
PF13302;143;11;11;165
PF16395;5;3;2;10
PF12530;2;1;0;3
PF00041;9;1;0;10
PF15653;2;2;1;5
PF12507;2;1;0;3
PF01068;26;2;0;28
PF12489;19;2;2;23
PF15931;6;2;1;9
PF04669;12;2;5;19
PF02210;16;1;0;17
PF12939;16;1;1;18
PF13457;59;1;2;62
PF01553;44;1;0;45
PF03031;103;2;1;106
PF08689;0;2;1;3
PF09643;14;1;1;16
PF13455;50;1;1;52
PF14694;18;3;0;21
PF09486;5;2;1;8
PF14078;53;2;1;56
PF18859;133;1;1;135
PF09588;18;2;1;21
PF18771;6;1;1;8
PF05707;4;2;1;7
PF18774;4;1;1;6
PF08357;7;2;1;10
PF16144;4;2;1;7
PF14423;6;2;2;10
PF05618;7;2;1;10
PF06456;7;2;2;11
PF13353;77;3;2;82
PF18299;52;3;3;58
PF11315;15;2;1;18
PF06293;6;3;2;11
PF04662;3;2;0;5
PF11140;16;2;2;20
PF17289;13;2;0;15
PF02900;8;3;0;11
PF01336;447;1;1;449
PF13513;76;2;1;79
PF10561;16;2;1;19
PF10554;11;2;1;14
PF02899;24;3;1;28
PF12722;15;1;0;16
PF05536;3;1;1;5
PF01442;85;1;0;86
PF14765;0;1;0;1
PF13423;10;3;7;20
PF14767;14;1;1;16
PF10111;1;1;1;3
PF07646;20;3;3;26
PF09763;0;3;1;4
PF05473;2;1;2;5
PF14499;6;1;2;9
PF15090;0;1;3;4
PF02516;6;2;2;10
PF10354;169;1;1;171
PF03543;6;3;0;9
PF14271;50;2;1;53
PF02136;30;3;3;36
PF00822;8;3;2;13
PF12540;2;3;0;5
PF01417;61;1;1;63
PF17013;7;2;1;10
PF08558;15;2;1;18
PF09987;2;1;1;4
PF18065;6;2;1;9
PF10062;6;1;1;8
PF05569;5;3;0;8
PF14895;16;1;5;22
PF09930;30;1;1;32
PF10734;19;2;2;23
PF03606;8;3;2;13
PF10427;1;1;0;2
PF14891;25;1;0;26
PF08282;61;3;2;66
PF17019;6;2;2;10
PF01755;8;1;1;10
PF03327;7;2;2;11
PF13482;77;1;1;79
PF15528;0;2;1;3
PF09192;4;2;1;7
PF00962;6;3;3;12
PF02718;5;2;1;8
PF03237;13;2;0;15
PF13857;31;3;3;37
PF13116;0;3;1;4
PF04890;2;2;0;4
PF08447;73;2;1;76
PF14747;62;1;1;64
PF13532;35;2;1;38
PF14564;18;1;1;20
PF15593;13;2;1;16
PF12612;8;1;0;9
PF12385;7;2;1;10
PF03358;173;3;2;178
PF03288;11;2;5;18
PF00161;34;2;2;38
PF17178;7;2;1;10
PF14538;9;1;0;10
PF13097;21;1;1;23
PF02543;3;2;0;5
PF12584;0;1;0;1
PF12417;33;3;6;42
PF17028;4;2;1;7
PF04811;5;2;0;7
PF18752;6;3;2;11
PF14609;1;1;1;3
PF18830;19;3;2;24
PF02275;3;1;1;5
PF12295;9;1;0;10
PF13684;144;3;3;150
PF11817;0;1;1;2
PF07969;24;7;5;36
PF00676;11;1;0;12
PF06054;2;1;1;4
PF02915;24;1;5;30
PF00661;5;1;1;7
PF11715;0;1;0;1
PF07819;8;1;1;10
PF12850;63;1;1;65
PF03085;4;1;1;6
PF00202;12;1;1;14
PF17619;106;1;1;108
PF17656;39;1;0;40
PF12859;6;1;0;7
PF16145;5;1;0;6
PF07968;11;1;0;12
PF12871;28;1;2;31
PF11707;3;1;0;4
PF07832;0;1;0;1
PF12182;3;1;1;5
PF03995;36;1;1;38
PF13574;2;1;1;4
PF13589;21;1;1;23
PF06805;2;1;0;3
PF04097;79;1;5;85
PF13576;120;1;2;123
PF13581;70;1;1;72
PF02828;76;1;0;77
PF14410;15;1;0;16
PF14432;7;1;0;8
PF12795;0;1;0;1
PF16000;6;1;1;8
PF04943;1;1;1;3
PF07064;20;1;0;21
PF14437;6;1;2;9
PF07140;4;1;2;7
PF13854;49;1;0;50
PF00549;5;1;0;6
PF08448;29;6;3;38
PF00267;8;1;1;10
PF13837;126;1;1;128
PF12733;31;1;0;32
PF03731;8;1;0;9
PF03724;89;1;1;91
PF03496;3;1;0;4
PF00847;60;1;1;62
PF05802;5;1;1;7
PF18122;3;1;0;4
PF11561;15;1;1;17
PF16656;203;1;1;205
PF16731;22;1;1;24
PF05784;1;1;1;3
PF17118;0;1;1;2
PF03361;2;1;1;4
PF13181;78;1;1;80
PF18071;8;1;1;10
PF03326;2;1;1;4
PF03336;3;1;1;5
PF13157;1;1;1;3
PF18165;30;1;1;32
PF03291;7;1;1;9
PF13184;34;1;1;36
PF03362;1;1;1;3
PF18303;0;1;0;1
PF05884;5;1;2;8
PF04856;4;1;2;7
PF17241;6;1;1;8
PF03065;13;1;2;16
PF17309;8;1;2;11
PF11690;2;1;1;4
PF00929;22;7;1;30
PF08397;3;1;1;5
PF04727;212;1;0;213
PF08360;0;1;0;1
PF14341;39;1;1;41
PF16433;1;1;1;3
PF04793;2;1;1;4
PF13508;2195;1;1;2197
PF11594;3;1;2;6
PF18417;26;1;0;27
PF11624;0;1;0;1
PF08453;28;1;1;30
PF08393;4;1;0;5
PF04820;18;1;0;19
PF17998;8;1;0;9
PF04200;99;1;0;100
PF11864;1;1;0;2
PF15678;17;1;1;19
PF14496;9;2;1;12
PF02518;356;1;1;358
PF12856;8;2;1;11
PF02534;1;1;2;4
PF10434;4;2;1;7
PF02463;4;1;1;6
PF15592;3;1;1;5
PF15587;1;1;1;3
PF03773;7;2;2;11
PF09954;75;2;1;78
PF12420;21;1;1;23
PF06229;7;2;1;10
PF10067;12;2;1;15
PF13921;21;2;1;24
PF06930;7;2;2;11
PF14541;60;2;1;63
PF01134;99;1;2;102
PF13833;28;2;2;32
PF00607;3;2;0;5
PF14807;5;2;0;7
PF16821;3;1;2;6
PF07667;6;2;1;9
PF10506;14;1;1;16
PF18778;37;2;2;41
PF17399;3;2;1;6
PF03070;11;4;2;17
PF00047;17;4;3;24
PF12469;43;1;1;45
PF12456;60;1;0;61
PF07964;7;2;1;10
PF12068;2;2;1;5
PF13477;17;4;3;24
PF15577;5;1;1;7
PF15496;29;1;1;31
PF02450;5;1;0;6
PF11716;57;2;0;59
PF05527;52;2;2;56
PF15140;6;2;1;9
PF11757;3;2;0;5
PF15413;4;1;0;5
PF16788;16;4;0;20
PF10756;44;1;1;46
PF14741;4;2;2;8
PF17914;21;2;1;24
PF05179;143;1;1;145
PF01676;11;1;3;15
PF15638;2;1;0;3
PF15626;2;1;0;3
PF06445;47;13;12;72
PF13899;19;5;4;28
PF00423;5;1;1;7
PF15969;2;1;1;4
PF13013;3;1;1;5
PF00429;0;1;0;1
PF15792;24;1;1;26
PF04253;307;1;1;309
PF13695;145;1;1;147
PF18692;11;1;1;13
PF18640;15;1;1;17
PF00394;28;1;0;29
PF13694;4;1;1;6
PF13624;158;1;1;160
PF08861;40;1;1;42
PF13027;12;1;3;16
PF00028;13;1;0;14
PF04978;36;1;1;38
PF13593;41;2;1;44
PF11933;0;2;0;2
PF05170;5;2;2;9
PF01677;7;2;2;11
PF02744;6;1;0;7
PF01660;0;2;0;2
PF12299;15;1;1;17
PF13664;120;2;1;123
PF14663;14;2;0;16
PF01117;2;1;1;4
PF06381;39;2;2;43
PF12914;21;2;0;23
PF10824;19;1;1;21
PF14868;18;5;5;28
PF01064;15;1;1;17
PF13471;55;2;1;58
PF15743;15;1;1;17
PF08985;8;1;1;10
PF12691;7;2;2;11
PF10463;2;1;1;4
PF00476;767;1;0;768
